Image,CameraID,Location,Road,Timestamp,Frame,VehicleType
car_1.jpg,Camera_01,Lahore,Canal Road,00:00.0,1,Car
motorcycle_2.jpg,Camera_01,Lahore,Canal Road,00:00.0,1,Motorcycle
motorcycle_4.jpg,Camera_01,Lahore,Canal Road,00:00.0,1,Motorcycle
car_6.jpg,Camera_01,Lahore,Canal Road,00:00.0,1,Car
car_7.jpg,Camera_01,Lahore,Canal Road,00:00.0,1,Car
truck_11.jpg,Camera_01,Lahore,Canal Road,00:00.0,1,Truck
car_14.jpg,Camera_01,Lahore,Canal Road,00:00.2,4,Car
car_32.jpg,Camera_01,Lahore,Canal Road,00:00.7,17,Car
truck_39.jpg,Camera_01,Lahore,Canal Road,00:00.8,20,Truck
motorcycle_40.jpg,Camera_01,Lahore,Canal Road,00:00.8,20,Motorcycle
motorcycle_44.jpg,Camera_01,Lahore,Canal Road,00:00.9,22,Motorcycle
car_46.jpg,Camera_01,Lahore,Canal Road,00:01.0,23,Car
car_52.jpg,Camera_01,Lahore,Canal Road,00:01.0,25,Car
car_54.jpg,Camera_01,Lahore,Canal Road,00:01.0,25,Car
car_57.jpg,Camera_01,Lahore,Canal Road,00:01.0,25,Car
car_62.jpg,Camera_01,Lahore,Canal Road,00:01.1,27,Car
car_63.jpg,Camera_01,Lahore,Canal Road,00:01.1,27,Car
motorcycle_66.jpg,Camera_01,Lahore,Canal Road,00:01.2,29,Motorcycle
motorcycle_72.jpg,Camera_01,Lahore,Canal Road,00:01.2,29,Motorcycle
car_75.jpg,Camera_01,Lahore,Canal Road,00:01.3,30,Car
motorcycle_79.jpg,Camera_01,Lahore,Canal Road,00:01.3,31,Motorcycle
car_81.jpg,Camera_01,Lahore,Canal Road,00:01.3,32,Car
bus_89.jpg,Camera_01,Lahore,Canal Road,00:01.4,34,Bus
car_92.jpg,Camera_01,Lahore,Canal Road,00:01.5,35,Car
car_98.jpg,Camera_01,Lahore,Canal Road,00:01.6,39,Car
truck_103.jpg,Camera_01,Lahore,Canal Road,00:01.7,41,Truck
truck_8.jpg,Camera_01,Lahore,Canal Road,00:01.8,44,Truck
truck_115.jpg,Camera_01,Lahore,Canal Road,00:02.0,47,Truck
car_124.jpg,Camera_01,Lahore,Canal Road,5:00:02,48,Car
car_130.jpg,Camera_01,Lahore,Canal Road,00:02.1,50,Car
motorcycle_149.jpg,Camera_01,Lahore,Canal Road,00:02.3,55,Motorcycle
bus_161.jpg,Camera_01,Lahore,Canal Road,00:02.4,58,Bus
car_162.jpg,Camera_01,Lahore,Canal Road,00:02.4,58,Car
car_178.jpg,Camera_01,Lahore,Canal Road,00:02.6,63,Car
truck_190.jpg,Camera_01,Lahore,Canal Road,00:02.9,69,Truck
car_195.jpg,Camera_01,Lahore,Canal Road,00:03.0,71,Car
truck_210.jpg,Camera_01,Lahore,Canal Road,00:03.3,79,Truck
motorcycle_219.jpg,Camera_01,Lahore,Canal Road,00:03.5,83,Motorcycle
motorcycle_217.jpg,Camera_01,Lahore,Canal Road,00:03.6,86,Motorcycle
bus_232.jpg,Camera_01,Lahore,Canal Road,00:03.7,90,Bus
car_237.jpg,Camera_01,Lahore,Canal Road,00:04.2,101,Car
car_239.jpg,Camera_01,Lahore,Canal Road,00:04.4,105,Car
car_242.jpg,Camera_01,Lahore,Canal Road,00:04.4,106,Car
bus_243.jpg,Camera_01,Lahore,Canal Road,00:04.4,106,Bus
car_211.jpg,Camera_01,Lahore,Canal Road,00:04.4,106,Car
car_244.jpg,Camera_01,Lahore,Canal Road,00:04.5,107,Car
bus_249.jpg,Camera_01,Lahore,Canal Road,00:04.5,108,Bus
car_251.jpg,Camera_01,Lahore,Canal Road,00:04.5,109,Car
car_255.jpg,Camera_01,Lahore,Canal Road,00:04.6,110,Car
truck_256.jpg,Camera_01,Lahore,Canal Road,00:04.6,110,Truck
car_257.jpg,Camera_01,Lahore,Canal Road,00:04.6,111,Car
car_264.jpg,Camera_01,Lahore,Canal Road,00:04.8,115,Car
truck_265.jpg,Camera_01,Lahore,Canal Road,00:04.8,116,Truck
car_267.jpg,Camera_01,Lahore,Canal Road,00:04.9,117,Car
car_271.jpg,Camera_01,Lahore,Canal Road,5:00:05,120,Car
