hospital_id,name,address,city,postcode,phone,website,operator,emergency,type,latitude,longitude,source
osm_node_3199397501,Akhtar Saeed Trust Teaching Hospital,,Lahore,,,,,,hospital,31.4445291,74.2127518,OpenStreetMap
osm_node_5254181763,Akram Complex Hospital,"Zafar Ali Road, Lahore",Lahore,,,,,,hospital,31.5334498,74.343651,OpenStreetMap
osm_node_4588859389,Al Ehsan Eye Hospital,"Shalimar Link Rd, Lahore",Lahore,,04236830303,,,,hospital,31.5670516,74.3810717,OpenStreetMap
osm_node_7618345201,Al Mairah Dental and Cosmetics Clinic,"Mini Market , Cavalry Ground, Opp to khlaid Masjid, Lahore",Lahore,,,,AMDC,,hospital,31.4995263,74.3666831,OpenStreetMap
osm_node_5259747070,Al Noor Hospital,"Awan Town Main Road, Lahore",Lahore,,,,,,hospital,31.5038003,74.2653791,OpenStreetMap
osm_node_5255673575,Al Razi Healthcare,"Main Boulevard Allama Iqbal Town, Lahore",Lahore,,,,,,hospital,31.5179704,74.2925226,OpenStreetMap
osm_node_5253925861,Al Shafi Hospital,"Main Boulevard Allama Iqbal Town, Lahore",Lahore,,,,,yes,hospital,31.517206,74.2933029,OpenStreetMap
osm_node_5260103787,Al Shifa Hospital,"Raiwind Road, Lahore",Lahore,,,,,,hospital,31.4620272,74.2448532,OpenStreetMap
osm_node_5334281221,Al-Nasar,,Lahore,,,,,,hospital,31.4748636,74.3030329,OpenStreetMap
osm_node_4920146640,Al-Rehman Hospital,"Service Road, Lahore",Lahore,,,,,,hospital,31.4911959,74.3373602,OpenStreetMap
osm_node_4421288390,Ali Hospital,Jia Musa Road,Lahore,,04237931154,,,,hospital,31.6243412,74.2802945,OpenStreetMap
osm_node_5259747064,Ali Hospital,"Shalimar Link Road, Lahore",Lahore,,,,,,hospital,31.5717422,74.3811123,OpenStreetMap
osm_node_4552343394,ali hospital shalimar road,Shalimar Link Rd,Lahore,,,,,,hospital,31.5726833,74.3811572,OpenStreetMap
osm_node_4912291845,Alle Fatima Hospital,"Grand Trunk Road, Lahore",Lahore,,,,,,hospital,31.5963249,74.3003191,OpenStreetMap
osm_node_5255673574,Amanat Eye Hospital,"Ghalib Road, Lahore",Lahore,,,,,,hospital,31.5183213,74.3404069,OpenStreetMap
osm_node_5259838826,Amina Medical Complex,"Shadman Market Boulevard, Lahore",Lahore,,,,,,hospital,31.5353527,74.3286172,OpenStreetMap
osm_node_5253925862,Ammar Medical Complex,"Jail Road, Lahore",Lahore,,,,,,hospital,31.5350331,74.3430323,OpenStreetMap
osm_node_5510293626,Animal Hospital,Liaqat Ali Khan Avenue,Lahore,,,,,,hospital,31.3758245,74.1707818,OpenStreetMap
osm_node_5260103781,Ariba Gynae Clinic,"Allama Iqbal Road, Lahore",Lahore,,,,,,hospital,31.5513583,74.3609663,OpenStreetMap
osm_node_5255279615,Arif Children Hospital,"Shalimar Link Road, Lahore",Lahore,,,,,,hospital,31.5777685,74.3813928,OpenStreetMap
osm_node_10816641505,Asghar Hospital,Ghazali Road,Lahore,,,,,,hospital,31.5382616,74.3058757,OpenStreetMap
osm_node_5255465170,Avicenna Hospital,"Rohi Nala Road, Lahore",Lahore,,,,,,hospital,31.4337652,74.467683,OpenStreetMap
osm_node_5259747063,Ayesha Hospital,"Nishat Colony Road, Lahore",Lahore,,,,,yes,hospital,31.4949556,74.3928245,OpenStreetMap
osm_node_5260103793,Badar Medical Complex,"Begum Road, Lahore",Lahore,,,,,yes,hospital,31.559244,74.3125849,OpenStreetMap
osm_node_12234728698,Bahria Nasheman Hospital,,Lahore,,,,Bahria,,hospital,31.319747,74.4023665,OpenStreetMap
osm_node_4910219491,Bajwa Hospital,"Grand Trunk Road, Shahdara",Shahdara,,,,,,hospital,31.6303345,74.2874878,OpenStreetMap
osm_node_5255673576,Bari Clinic & Hospital,"Ali Zaib Road, Lahore",Lahore,,,,,yes,hospital,31.5021767,74.3448274,OpenStreetMap
osm_node_3940059891,"Basic Health Unit (BHU), Chappa, Lahore",,Lahore,,,,Public,,hospital,31.5660149,74.5208351,OpenStreetMap
osm_node_3940075845,Basic Health Unit Manhala,Lahore,Lahore,,,,Public,,hospital,31.52586,74.5436797,OpenStreetMap
osm_node_3940035722,"Basical Health Unit, Dograi Kalan, Lahore",,Lahore,,,,Public,no,hospital,31.5926873,74.4997202,OpenStreetMap
osm_node_5255461644,Bismillah Hospital,"Temple Rd, Lahore",Lahore,,,,,,hospital,31.5566737,74.3164425,OpenStreetMap
osm_node_5255562361,Cantonment General Hospital,"Dehli Road, Lahore",Lahore,,,,,,hospital,31.5467613,74.3821858,OpenStreetMap
osm_node_5255424742,Cardiology Department,"Multan Road, Lahore",Lahore,,,,,,hospital,31.4974458,74.26345,OpenStreetMap
osm_node_5253925863,Cavalry Hospital Lahore,Ali Zeb Road,Lahore,,,,,,hospital,31.5018965,74.3626328,OpenStreetMap
osm_node_5259654964,Cavalry Hospital Lahore,"Ali Zeb Road, Lahore",Lahore,,,,,,hospital,31.5019344,74.3630703,OpenStreetMap
osm_node_5844819916,Centre for Nuclear Medicine,,Lahore,,,,Mayo Hospital,,hospital,31.5704213,74.3169553,OpenStreetMap
osm_node_5259747066,Chaudhry Rehmat Ali Memorial Hospital,"Chaudhry Rehmat Ali Road, Lahore",Lahore,,,,,,hospital,31.4498082,74.3076034,OpenStreetMap
osm_node_5255461649,Chinese Heart & General Hospital (CHGH),"Jail Road, Lahore",Lahore,,,,,,hospital,31.5484926,74.3159814,OpenStreetMap
osm_node_5260103794,City Hospital,"Iqbal Road, Lahore",Lahore,,,,,,hospital,31.5868674,74.346845,OpenStreetMap
osm_node_4916785718,Clapp Hospital,"Maulana Shaukat Ali Road, Lahore",Lahore,,,,,,hospital,31.4728234,74.3028675,OpenStreetMap
osm_node_5255424740,CMH Lahore,"Shami Road, Lahore",Lahore,,,,,yes,hospital,31.5391648,74.3711747,OpenStreetMap
osm_node_1366525560,Combined Military Hospital,,Lahore,,,,,,hospital,31.5406655,74.3725825,OpenStreetMap
osm_node_5259837119,Defence National Hospital,"Allama Iqbal Road, Lahore",Lahore,,,,,,hospital,31.5542357,74.357313,OpenStreetMap
osm_node_5251896791,"Defence Skin, Laser & Cosmetology Clinic","Ghazi Road, Lahore",Lahore,,,,,,hospital,31.4841282,74.408014,OpenStreetMap
osm_node_7165556234,Dental Experts Johar Town Lahore,"Fatimiyyah Road, Lahore, 54782",Lahore,54782,923009495903,https://dentalexperts.pk,Dr. Sajjad Saeed Siddiqui,,hospital,31.4715382,74.2694031,OpenStreetMap
osm_node_5844819918,Department of Psychiatry,,Lahore,,,,Mayo Hospital,,hospital,31.5696419,74.3176814,OpenStreetMap
osm_node_271105745,DHA Medical Center Phase III,"St 29 Sec W Ph 3, Lahore",Lahore,,,,,yes,hospital,31.4767342,74.3714984,OpenStreetMap
osm_node_5255279610,Diabetic's Institute of Pakistan,"Jail Road, Lahore",Lahore,,,,,,hospital,31.5424821,74.3329753,OpenStreetMap
osm_node_1357561220,Dr Muhammad Arsalan Butt - Iqra Medical Complex Johar Town,"Maulana Shaukat Ali Road, Lahore, 54770",Lahore,54770,,https://share.google/yYEdGcFIygiQxEg9y,Dr Muhammad Arsalan Butt,yes,hospital,31.4678948,74.3055729,OpenStreetMap
osm_node_8252241917,Dr Sadaqat Balouch,,Lahore,,,,,,hospital,31.5485408,74.3047584,OpenStreetMap
osm_node_8252242017,Dr Sadaqat Balouch (Withdrawal Specialist),,Lahore,,,,,,hospital,31.5485441,74.3047362,OpenStreetMap
osm_node_4912575644,Dr.A.Q Khan Hospital,"Ahmed Ali Road, Lahore",Lahore,,,,,,hospital,31.5978128,74.3105061,OpenStreetMap
osm_node_14000936501,Evercare Hospital,,Lahore,,,,,,hospital,31.437025,74.2809287,OpenStreetMap
osm_node_4963317421,Family Hospital,"Farid Court Road, Lahore",Lahore,,,,,,hospital,31.561003,74.3126194,OpenStreetMap
osm_node_5260103795,Faran Hospital,"Abdali Road, Lahore",Lahore,,,,,,hospital,31.566729,74.2909238,OpenStreetMap
osm_node_4387273191,Farooq Hospital,"Mohlanwal Road, Lahore",Lahore,,,,,,hospital,31.4653896,74.2357728,OpenStreetMap
osm_node_4406333889,Farouque Hospital,,Lahore,,,,,,hospital,31.5126534,74.2997368,OpenStreetMap
osm_node_5253925865,Fatima Memorial Hospital,"Shadman Market Boulevard, Lahore",Lahore,,,,,,hospital,31.53562,74.3279812,OpenStreetMap
osm_node_3228646369,Fauji Foundation Hospital,"Bedian Road, Lahore",Lahore,,,,,,hospital,31.500104,74.3949245,OpenStreetMap
osm_node_5259747059,Fazal Cardiac Hospital,"Noor Jahan Road, Lahore",Lahore,,,,,,hospital,31.5087782,74.3458034,OpenStreetMap
osm_node_4691717697,Fazal children & Gynaecologist clinic,,Lahore,,,,,,hospital,31.5745532,74.425967,OpenStreetMap
osm_node_5259654969,Geo Hospital,"Bedian Road, Lahore",Lahore,,,,,yes,hospital,31.48002,74.4229598,OpenStreetMap
osm_node_13091899518,GeroX®,"Nazaria-e-Pakistan Avenue, Lahore, 54782",Lahore,54782,,,geroxclinic.com,,hospital,31.4546131,74.266597,OpenStreetMap
osm_node_5259958801,Ghaziabad Government Hospital Lahore,"UBD Canal Bank Road, Lahore",Lahore,,,,,,hospital,31.5607429,74.3894088,OpenStreetMap
osm_node_5254181756,Ghulab Devi Chest Hospital,"Ferozepur Road, Lahore",Lahore,,,,,,hospital,31.4825003,74.3422146,OpenStreetMap
osm_node_5255424739,Ghurki Hospital,Link Rd to GT Road,Lahore,,,,,,hospital,31.5900053,74.5020634,OpenStreetMap
osm_node_5259747068,Gondal Hospital,"Multan Road, Lahore",Lahore,,,,,,hospital,31.5028083,74.2682073,OpenStreetMap
osm_node_7432965612,GOVT. Hospital,143305,Lahore,143305,,,,,hospital,31.2782768,74.5505953,OpenStreetMap
osm_node_4910585745,Govt. Maternity Hospital,"Grand Trunk Road, Shahdara",Shahdara,,,,,,hospital,31.6259547,74.2962832,OpenStreetMap
osm_node_5254181753,Grand Trunk Road گرینڈ ٹرنک روڈ,"Grand Trunk Road, Lahore",Lahore,,,,,,hospital,31.5880271,74.3071164,OpenStreetMap
osm_node_4151573895,Hameed Latif,,Lahore,,,,,,hospital,31.5124792,74.3284708,OpenStreetMap
osm_node_5255279603,Hameed Latif Hospital,"Ferozepur Road, Lahore",Lahore,,,,,,hospital,31.5118667,74.3275649,OpenStreetMap
osm_node_5255562363,Hameed Latif Hospital Misri Shah Branch,"Akbar Rd, Lahore",Lahore,,,,,,hospital,31.5855462,74.3378224,OpenStreetMap
osm_node_5259654961,Hameeda Memorial Hospital,"Sunrise Road, Lahore",Lahore,,,,,,hospital,31.4082029,74.2602678,OpenStreetMap
osm_node_4402012889,Haq Hospital,"Sanda Rd, Lahore",Lahore,,,,,,hospital,31.5618552,74.2964999,OpenStreetMap
osm_node_4402013789,Haq Hospital,,Lahore,,,,,,hospital,31.5616506,74.2993709,OpenStreetMap
osm_node_5259838823,Haq Orthopedic Hospital,"Sanda Rd, Lahore",Lahore,,,,,,hospital,31.5619307,74.3006778,OpenStreetMap
osm_node_5254181765,Hijaz Hospital Lahore,"Sir Syed Road, Lahore",Lahore,,,,,,hospital,31.5153125,74.3456471,OpenStreetMap
osm_node_5255673578,Hina Hospital,"Grand Trunk Road, Lahore",Lahore,,,,,yes,hospital,31.5853214,74.387459,OpenStreetMap
osm_node_13417617884,HMC Hospital,"Zarar Shaheed Road, Lahore, 54000",Lahore,54000,,,,,hospital,31.5446272,74.4197759,OpenStreetMap
osm_node_5259747062,Hospital Hudson Silva Lions Eye Hospital,"Hali Road, Lahore",Lahore,,,,,yes,hospital,31.5229354,74.344399,OpenStreetMap
osm_node_4666716091,Hussain Memorial Hospital,"Multan Road, Lahore",Lahore,,(042) 37505082,,,,hospital,31.536088,74.2906133,OpenStreetMap
osm_node_5255673577,IOM Health Assessment Centre,"علی زیب روڈ, لاہور",لاہور,,,,,,hospital,31.5014054,74.3425527,OpenStreetMap
osm_node_5259837117,Ishaq Haroon Hospital,Lahore,Lahore,,,,,,hospital,31.5537125,74.2981412,OpenStreetMap
osm_node_3237660889,Ittefaq Hospital,"Ferozepur Road, Lahore",Lahore,,,,,,hospital,31.4756654,74.3375093,OpenStreetMap
osm_node_5255461642,Kazi Hospital,"Temple Rd, Lahore",Lahore,,,,,yes,hospital,31.5585998,74.3174214,OpenStreetMap
osm_node_5255424743,Khairun Nisa Hospital,"Faisal Town, Lahore",Lahore,,,,,,hospital,31.4741883,74.306422,OpenStreetMap
osm_node_5255578920,Khushnood Hospital,"Multan Road, Lahore",Lahore,,,,,yes,hospital,31.5228586,74.2759464,OpenStreetMap
osm_node_5255279609,Lahore Medical Complex,"Jail Road, Lahore",Lahore,,,,,yes,hospital,31.5421941,74.3314304,OpenStreetMap
osm_node_5255461641,Lahore Psychiatric Hospital,"Multan Road, Lahore",Lahore,,,,,,hospital,31.5371209,74.2905023,OpenStreetMap
osm_node_5259958806,Lahore Speciality Hospital,"Usmani Road, Lahore",Lahore,,,,,,hospital,31.4941177,74.3118532,OpenStreetMap
osm_node_5255643554,Liaqat Hospital,"PIA Main Blvd, Lahore",Lahore,,,,,,hospital,31.4441762,74.277819,OpenStreetMap
osm_node_5510293822,Life Hospital,,Lahore,,,,,,hospital,31.3801195,74.1695864,OpenStreetMap
osm_node_5255745909,Madina Eye Hospital,"Grand Trunk Road, Lahore",Lahore,,,,,,hospital,31.5880659,74.4027969,OpenStreetMap
osm_node_5259958805,Makhdoom Memorial Hospital,"Kamahan Road, Lahore",Lahore,,,,,,hospital,31.4556252,74.3659617,OpenStreetMap
osm_node_7244238288,Malik Jalal Din Hospital,Lohari Gate Bazaar,Lahore,,,,,,hospital,31.5788726,74.3140407,OpenStreetMap
osm_node_13417622920,MedEast Hospital,"Imperial Main Road, Lahore",Lahore,,,,,,hospital,31.5318849,74.4538145,OpenStreetMap
osm_node_5255279604,Medicare Hospital,"Ferozepur Road, Lahore",Lahore,,,,,yes,hospital,31.5131929,74.3276328,OpenStreetMap
osm_node_5276934827,Mian Medical Complex,"Jail Road, Lahore",Lahore,,,,,,hospital,31.5350141,74.3399776,OpenStreetMap
osm_node_5267413985,Mian Meer Welfair Hospital,"UBD Canal Bank Road, Lahore",Lahore,,,,,,hospital,31.5484343,74.3571591,OpenStreetMap
osm_node_5259593880,Mian Muhammad Nawaz Sharif Hospital,"Yakki Gate Bazaar, Lahore",Lahore,,,,,yes,hospital,31.5845909,74.3269866,OpenStreetMap
osm_node_5259958807,Mother Care Center,"Durand Road, Lahore",Lahore,,,,,,hospital,31.5624332,74.3444831,OpenStreetMap
osm_node_5260103789,Mufaza Tul Hayat Hospital,"Link Defence Road, Lahore",Lahore,,,,,,hospital,31.4248962,74.3378297,OpenStreetMap
osm_node_5016859022,Mughal eye hospital,"Expo Centre Road, Lahore",Lahore,,,,,,hospital,31.4720389,74.2610578,OpenStreetMap
osm_node_5259747067,Muhammadi Hospital,"Abdali Road, Lahore",Lahore,,,,,,hospital,31.5710909,74.2981105,OpenStreetMap
osm_node_5259654960,Mussarat Razzaq Hospital,"Grand Trunk Road, Lahore",Lahore,,,,,,hospital,31.5821198,74.3767228,OpenStreetMap
osm_node_3356330684,Naseer Hospital,,Lahore,,,,,,hospital,31.5064399,74.3150274,OpenStreetMap
osm_node_5684856922,National Eye Centre,"Sanda Road, لاہور",لاہور,,+924237171681,,,,hospital,31.5615672,74.2997606,OpenStreetMap
osm_node_5255461651,National Medical Centre,"Model Town, Lahore",Lahore,,,,,yes,hospital,31.4809113,74.3107957,OpenStreetMap
osm_node_4238889189,Naz Hospital,,Lahore,,,,,,hospital,31.5394654,74.3197705,OpenStreetMap
osm_node_5844819917,Neurology Department,,Lahore,,,,Mayo Hospital,,hospital,31.5702316,74.3173681,OpenStreetMap
osm_node_5255562362,Niazi Hospital,"Khayaban-e-Firdousi, Lahore",Lahore,,,,,,hospital,31.4693274,74.2993999,OpenStreetMap
osm_node_4295683022,Nobel Hospital,Rehmanpura,Lahore,,,,,,hospital,31.5237787,74.31763,OpenStreetMap
osm_node_5260103790,Noor Hospital,"Ferozepur Road, Lahore",Lahore,,,,,,hospital,31.4245439,74.3572983,OpenStreetMap
osm_node_5254181761,O M C Hospital,"Jail Road, Lahore",Lahore,,,,,,hospital,31.5365909,74.3389089,OpenStreetMap
osm_node_5254181760,Omar Hospital,"Jail Road, Lahore",Lahore,,,,,,hospital,31.5370847,74.3380559,OpenStreetMap
osm_node_5259958811,PAF Hospital,"Munir Road, Lahore",Lahore,,,,,yes,hospital,31.518104,74.3854299,OpenStreetMap
osm_node_14003822851,Pak Hospital,"Lahore, 54000",Lahore,54000,04237429517,https://pakhospital.com.pk/,,yes,hospital,31.5319925,74.3245994,OpenStreetMap
osm_node_5260103791,Pakistan Society for Rehabilitation of The Disabled,"Ferozepur Road, Lahore",Lahore,,,,,,hospital,31.5289089,74.322554,OpenStreetMap
osm_node_4763503521,PKLI HOSPITAL,,Lahore,,,,,,hospital,31.4557,74.4621886,OpenStreetMap
osm_node_5255424745,Prime Care Hospital,"Khyaban e Jinnah, Lahore",Lahore,,,,,,hospital,31.493736,74.3754105,OpenStreetMap
osm_node_5259838821,PrimeCare Medical Complex,"Jaranwala - Lahore Road, Lahore",Lahore,,,,,,hospital,31.614987,74.2695614,OpenStreetMap
osm_node_526681507,PU Health Center,,Lahore,,,,,,hospital,31.502479,74.3116217,OpenStreetMap
osm_node_5254181762,Punjab Medical Center,"Jail Road, Lahore",Lahore,,,,,,hospital,31.5344082,74.3448097,OpenStreetMap
osm_node_5260182540,Rabia Welfare Hospital,"Mehboob Road, Lahore",Lahore,,,,,,hospital,31.589899,74.3287333,OpenStreetMap
osm_node_5255279611,Race View Maternity Hospital,"Jail Road, Lahore",Lahore,,,,,,hospital,31.5422444,74.3336647,OpenStreetMap
osm_node_5259838822,Rahim Hospital,"Sanda Rd, Lahore",Lahore,,,,,,hospital,31.5619056,74.3028718,OpenStreetMap
osm_node_4506559191,Rahmatullah Eye Hospital,,Lahore,,,,,,hospital,31.4568298,74.3206252,OpenStreetMap
osm_node_7865795551,Rajoke Hospital,Rajoke,Lahore,143305,,,,,hospital,31.2780541,74.5507975,OpenStreetMap
osm_node_5255461643,Ramzan Ali Syed Memorial Hospital,"Temple Rd, Lahore",Lahore,,,,,,hospital,31.5582981,74.317223,OpenStreetMap
osm_node_5276934828,Rana Laser Ent Centre,"Jail Road, Lahore",Lahore,,,,,,hospital,31.5364886,74.3390281,OpenStreetMap
osm_node_4399541791,Rasheed Hospital,"Main Boulevard Garden Town, Lahore",Lahore,,,,,yes,hospital,31.5003756,74.3192307,OpenStreetMap
osm_node_5255424738,Rasheed Hospital,"Khyaban e Jinnah, Lahore",Lahore,,,,,,hospital,31.4886992,74.3802433,OpenStreetMap
osm_node_5259958804,Rasheed Hospital,"Mall Road, Lahore",Lahore,,,,,,hospital,31.5570942,74.3236314,OpenStreetMap
osm_node_5260103785,Rashida Hospital,"Allama Iqbal Road, Lahore",Lahore,,,,,,hospital,31.5521674,74.3624388,OpenStreetMap
osm_node_5259837118,Roshaan Hospital,"Khyaban-e-Jinnah, Lahore",Lahore,,,,,,hospital,31.4467396,74.2693053,OpenStreetMap
osm_node_1357553198,Saadan Hospital,"Khayaban-e-Firdousi, Lahore",Lahore,,,,,yes,hospital,31.469851,74.2992722,OpenStreetMap
osm_node_5255461650,Saira Memorial Hospital,"Model Town, Lahore",Lahore,,,,,,hospital,31.4812146,74.312232,OpenStreetMap
osm_node_4910585783,Saira Meraj Hospital,"Jaranwala - Lahore Road, Shahdara",Shahdara,,,,,,hospital,31.612204,74.2617907,OpenStreetMap
osm_node_8927949517,Sakina hospital johar town,,Lahore,,,,,,hospital,31.4519654,74.2678336,OpenStreetMap
osm_node_5254181752,Salma Sarfraz Hospital,"Wahdat Road, Lahore",Lahore,,,,,,hospital,31.5117148,74.3058327,OpenStreetMap
osm_node_5255745910,Samanabad Hospital,"Samanabad Main Blvd, Lahore",Lahore,,,,,yes,hospital,31.5410158,74.3024188,OpenStreetMap
osm_node_4910219502,Secretariat Punjab Social Security Hospital,"Grand Trunk Road, Shahdara",Shahdara,,,,,,hospital,31.6246632,74.2886379,OpenStreetMap
osm_node_8205628886,Shazia Zahid Medical Centre,"Saadat Street Near Jutt Chowk near BOR Society Johar Town Lahore, Lahore, 54000",Lahore,54000,03208458445,https://shazia-zahid-medical-centre.business.site/,Dr. Zahid,yes,hospital,31.473733,74.2956775,OpenStreetMap
osm_node_5255279616,Shehnaz Hospital,"Shalimar Link Road, Lahore",Lahore,,,,,,hospital,31.5769504,74.3813123,OpenStreetMap
osm_node_5259654963,Singapore Medical Centre,"Main Boulevard Allama Iqbal Town, Lahore",Lahore,,,,,yes,hospital,31.5168576,74.2937325,OpenStreetMap
osm_node_674141730,Social Security Hospital,"Multan Road, Lahore",Lahore,,,,,,hospital,31.4967802,74.263181,OpenStreetMap
osm_node_4407652589,Suraya Azeem Hospital,"Mazan Churbghi Rd, Lahore",Lahore,,,,,,hospital,31.5534464,74.3057503,OpenStreetMap
osm_node_5255279607,Surgimed Hospital Lahore,"Zafar Ali Road, Lahore",Lahore,,,,,yes,hospital,31.5380944,74.3512745,OpenStreetMap
osm_node_5255562364,Tariq Hospital,"Akbar Rd, Lahore",Lahore,,,,,,hospital,31.5854742,74.3361973,OpenStreetMap
osm_node_5255461648,TB Hospital,"Bilal Ganj, Lahore",Lahore,,,,,,hospital,31.5807937,74.2997071,OpenStreetMap
osm_node_10734314530,The Dental Suite by Dr. Mujtaba Anwar,"Faisal Town, Opposite Allama Iqbal Medical College & Jinnah Hospital, Lahore, 54000",Lahore,54000,,,Dr. Mujtaba Anwar,yes,hospital,31.4835473,74.2991692,OpenStreetMap
osm_node_8597534130,University of Lahore Teaching Hospital,"defence road, lahore, 54000",lahore,54000,,,University of Lahore,yes,hospital,31.4027301,74.2325973,OpenStreetMap
osm_node_11171415971,Unnamed Hospital,,Lahore,,,,,,hospital,31.5003469,74.3618904,OpenStreetMap
osm_node_12384983279,Unnamed Hospital,,Lahore,,,,,,hospital,31.5702434,74.3779207,OpenStreetMap
osm_node_4381296603,Wapda Hospital,"Ferozepur Road, Lahore",Lahore,,,,,,hospital,31.5238238,74.3228094,OpenStreetMap
osm_node_5259958802,Wazir Hospital,"College Road, Lahore",Lahore,,,,,,hospital,31.4426592,74.2957946,OpenStreetMap
osm_node_2431251332,Zahid Health Home,,Lahore,,,,,,hospital,31.5624324,74.4330102,OpenStreetMap
osm_node_4912291870,Zakariya Hospital,"Data Darbar Road, Lahore",Lahore,,,,,,hospital,31.5875447,74.3058519,OpenStreetMap
osm_node_2405855921,Zarrar Shaheed Trust hospital,,Lahore,,,,,,hospital,31.5324402,74.437641,OpenStreetMap
osm_node_9383530553,Zeerak Matab (Herbal & Hijama),"Block-E, Johar Town, Lahore, 54782",Lahore,54782,,,,,hospital,31.4710831,74.2986453,OpenStreetMap
osm_node_5163148223,Zhong Ba Hospital,"Main Boulevard, Lahore",Lahore,,,,,,hospital,31.4585742,74.2764677,OpenStreetMap
osm_node_5213730433,Zia Hospital,"Ferozepur Road, 04200",Lahore,04200,03018447906,https://www.ziahospital.com/,,,hospital,31.4361716,74.35572,OpenStreetMap
osm_node_4916785709,احسان ممتا ز ہسپتال,"Maulana Shaukat Ali Road, Lahore",Lahore,,,,,,hospital,31.4748175,74.3016359,OpenStreetMap
osm_node_5016859021,ایل آر بی ٹی آئی ہسپتال,"Multan Road, Lahore",Lahore,,,,,,hospital,31.4762453,74.244126,OpenStreetMap
osm_node_4974663321,بجوا روغتون,,Lahore,,,,,,hospital,31.5181442,74.2859262,OpenStreetMap
osm_node_4916641155,بخاری لیبز الرجی سنٹر,"Maulana Shaukat Ali Road, Lahore",Lahore,,,,,,hospital,31.4822429,74.2979608,OpenStreetMap
osm_node_4910585768,بلال کیئر ہسپتال,"Lahore Sheikhupura Road, Shahdara",Shahdara,,,,,,hospital,31.6176665,74.2546268,OpenStreetMap
osm_node_4945573322,بلوچ اسپتال,"Allama Iqbal Road, Lahore",Lahore,,,,,,hospital,31.5516784,74.362567,OpenStreetMap
osm_node_5255578919,جمیله فریدی روغتون,"Khyaban e Fardosi, Lahore",Lahore,,,,,,hospital,31.4666168,74.2942164,OpenStreetMap
osm_node_2448144940,حمزه روغتون,"Shama Road, Lahore",Lahore,,+924237501597,,,yes,hospital,31.5408282,74.3138838,OpenStreetMap
osm_node_5260103786,حمزہ میڈیکل کمپلیکس,"Allama Iqbal Road, Lahore",Lahore,,,,,,hospital,31.5525948,74.3618648,OpenStreetMap
osm_node_5259747061,د پنجاب ذهني روغتیا انسټیټیوټ,"Lnk Cannal rd, Lahore",Lahore,,,,,,hospital,31.5351972,74.3348009,OpenStreetMap
osm_node_12622278646,ذیرک مطب ہربل اور حجامہ۔,"Sector-C, Askari-11, Lahore, 57400",Lahore,57400,,,,,hospital,31.4421421,74.4297974,OpenStreetMap
osm_node_5255279614,زاہدہ ویلفیئر ہسپتال,"Shalimar Link Road, Lahore",Lahore,,,,,,hospital,31.5771606,74.3808563,OpenStreetMap
osm_node_5255279613,زینب میموریل ہسپتال,"Main Boulevard Garden Town, Lahore",Lahore,,,,,,hospital,31.5041237,74.3295275,OpenStreetMap
osm_node_4122590191,سرجیکل یونٹ 1 HO کمرہ,,Lahore,,,,,,hospital,31.5552453,74.321904,OpenStreetMap
osm_node_5259838825,شادمان جنرل ہسپتال,"Shadman Market Boulevard, Lahore",Lahore,,,,,,hospital,31.5337593,74.3284349,OpenStreetMap
osm_node_4406321890,غني روغتون,"Sanda Rd, Lahore",Lahore,,,,,,hospital,31.5618699,74.3021605,OpenStreetMap
osm_node_5255562365,قومی ہسپتال اور میڈیکل سینٹر,"Aziz Road, Lahore",Lahore,,,,,,hospital,31.5869836,74.3370342,OpenStreetMap
osm_node_4728023191,لطیف روغتون، جوهر ټاون,"Khayaban-e-Firdousi, Lahore",Lahore,,,,,,hospital,31.4695222,74.2983019,OpenStreetMap
osm_node_563684371,متحده مسیحي روغتون.,لاہور,لاہور,,,,,yes,hospital,31.5086817,74.340491,OpenStreetMap
osm_node_5259958810,ممتاز بختاور ہسپتال,"Wahdat Road, Lahore",Lahore,,,,,,hospital,31.4943625,74.2792822,OpenStreetMap
osm_node_5254181759,مید سېټي روغتون,"Jail Road, Lahore",Lahore,,,,,,hospital,31.5376013,74.3373639,OpenStreetMap
osm_node_4916641149,ٹائمز ہسپتال,"Usmani Road, Lahore",Lahore,,,,,,hospital,31.4837301,74.2993781,OpenStreetMap
osm_node_9325952208,ٹی ایچ کیو ہسپتال,,Lahore,,,,,,hospital,31.6579532,74.2825636,OpenStreetMap
osm_node_14007471801,پاک ہسپتال,"Shah Jamal Road, 54000",Lahore,54000,+923111444608,https://pakhospital.com.pk,,,hospital,31.5317452,74.3234228,OpenStreetMap
osm_node_5259747065,پرل انٹرنیشنل ہسپتال,"Multan Road, Lahore",Lahore,,,,,,hospital,31.4764633,74.2441672,OpenStreetMap
osm_node_4773446736,ڈاکٹر خواجہ احد ہسپتال,"Al Madina Road Township, 54000",Lahore,54000,923225660863,,,,hospital,31.4617216,74.3099314,OpenStreetMap
osm_node_5259837120,کلسوم سرجیکل ہسپتال,"Jaranwala - Lahore Road, Lahore",Lahore,,,,,,hospital,31.6155923,74.2724153,OpenStreetMap
osm_node_5273631734,کېرنس رېلوې روغتون,"Allama Iqbal Road, Lahore",Lahore,,,,,yes,hospital,31.5698719,74.3384901,OpenStreetMap
